month,product,state,risk_band,sourcing_channel,balance_cr,dpd30_balance_cr
2026-03,PL,Maharashtra,Super-prime,Branch,625.40,2.856
2026-03,PL,Maharashtra,Super-prime,DSA,416.93,2.424
2026-03,PL,Maharashtra,Super-prime,Digital,347.44,1.839
2026-03,PL,Maharashtra,Prime-plus,Branch,453.17,4.674
2026-03,PL,Maharashtra,Prime-plus,DSA,302.11,3.966
2026-03,PL,Maharashtra,Prime-plus,Digital,251.76,3.010
2026-03,PL,Maharashtra,Prime,Branch,389.58,7.818
2026-03,PL,Maharashtra,Prime,DSA,259.72,6.633
2026-03,PL,Maharashtra,Prime,Digital,216.44,5.034
2026-03,PL,Maharashtra,Near-prime,Branch,187.36,7.974
2026-03,PL,Maharashtra,Near-prime,DSA,124.90,6.765
2026-03,PL,Maharashtra,Near-prime,Digital,104.09,5.135
2026-03,PL,Maharashtra,Subprime,Branch,115.59,8.749
2026-03,PL,Maharashtra,Subprime,DSA,77.06,7.423
2026-03,PL,Maharashtra,Subprime,Digital,64.22,5.634
2026-03,PL,Tamil Nadu,Super-prime,Branch,218.19,1.096
2026-03,PL,Tamil Nadu,Super-prime,DSA,145.46,0.930
2026-03,PL,Tamil Nadu,Super-prime,Digital,121.21,0.706
2026-03,PL,Tamil Nadu,Prime-plus,Branch,162.20,1.703
2026-03,PL,Tamil Nadu,Prime-plus,DSA,108.14,1.445
2026-03,PL,Tamil Nadu,Prime-plus,Digital,90.11,1.097
2026-03,PL,Tamil Nadu,Prime,Branch,136.74,3.065
2026-03,PL,Tamil Nadu,Prime,DSA,91.16,2.600
2026-03,PL,Tamil Nadu,Prime,Digital,75.96,1.974
2026-03,PL,Tamil Nadu,Near-prime,Branch,65.51,2.778
2026-03,PL,Tamil Nadu,Near-prime,DSA,43.67,2.357
2026-03,PL,Tamil Nadu,Near-prime,Digital,36.40,1.789
2026-03,PL,Tamil Nadu,Subprime,Branch,39.56,3.079
2026-03,PL,Tamil Nadu,Subprime,DSA,26.37,2.612
2026-03,PL,Tamil Nadu,Subprime,Digital,21.98,1.983
2026-03,PL,Karnataka,Super-prime,Branch,258.07,1.177
2026-03,PL,Karnataka,Super-prime,DSA,172.04,0.999
2026-03,PL,Karnataka,Super-prime,Digital,143.37,0.758
2026-03,PL,Karnataka,Prime-plus,Branch,183.50,1.821
2026-03,PL,Karnataka,Prime-plus,DSA,122.33,1.545
2026-03,PL,Karnataka,Prime-plus,Digital,101.94,1.173
2026-03,PL,Karnataka,Prime,Branch,160.27,3.019
2026-03,PL,Karnataka,Prime,DSA,106.85,2.562
2026-03,PL,Karnataka,Prime,Digital,89.04,1.944
2026-03,PL,Karnataka,Near-prime,Branch,76.63,3.109
2026-03,PL,Karnataka,Near-prime,DSA,51.08,2.638
2026-03,PL,Karnataka,Near-prime,Digital,42.57,2.002
2026-03,PL,Karnataka,Subprime,Branch,46.92,3.311
2026-03,PL,Karnataka,Subprime,DSA,31.28,2.810
2026-03,PL,Karnataka,Subprime,Digital,26.07,2.132
2026-03,PL,Uttar Pradesh,Super-prime,Branch,245.05,1.371
2026-03,PL,Uttar Pradesh,Super-prime,DSA,163.37,1.163
2026-03,PL,Uttar Pradesh,Super-prime,Digital,136.14,0.883
2026-03,PL,Uttar Pradesh,Prime-plus,Branch,176.50,2.262
2026-03,PL,Uttar Pradesh,Prime-plus,DSA,117.67,1.920
2026-03,PL,Uttar Pradesh,Prime-plus,Digital,98.06,1.457
2026-03,PL,Uttar Pradesh,Prime,Branch,157.54,4.217
2026-03,PL,Uttar Pradesh,Prime,DSA,105.03,3.578
2026-03,PL,Uttar Pradesh,Prime,Digital,87.52,2.716
2026-03,PL,Uttar Pradesh,Near-prime,Branch,48.23,1.732
2026-03,PL,Uttar Pradesh,Near-prime,DSA,106.12,7.990
2026-03,PL,Uttar Pradesh,Near-prime,Digital,38.59,1.900
2026-03,PL,Uttar Pradesh,Subprime,Branch,31.11,2.224
2026-03,PL,Uttar Pradesh,Subprime,DSA,68.45,10.260
2026-03,PL,Uttar Pradesh,Subprime,Digital,24.89,2.439
2026-03,PL,Gujarat,Super-prime,Branch,280.66,1.214
2026-03,PL,Gujarat,Super-prime,DSA,187.11,1.030
2026-03,PL,Gujarat,Super-prime,Digital,155.92,0.782
2026-03,PL,Gujarat,Prime-plus,Branch,202.65,1.955
2026-03,PL,Gujarat,Prime-plus,DSA,135.10,1.659
2026-03,PL,Gujarat,Prime-plus,Digital,112.59,1.259
2026-03,PL,Gujarat,Prime,Branch,177.50,3.391
2026-03,PL,Gujarat,Prime,DSA,118.34,2.878
2026-03,PL,Gujarat,Prime,Digital,98.61,2.184
2026-03,PL,Gujarat,Near-prime,Branch,56.04,1.378
2026-03,PL,Gujarat,Near-prime,DSA,123.29,6.942
2026-03,PL,Gujarat,Near-prime,Digital,44.83,1.511
2026-03,PL,Gujarat,Subprime,Branch,36.15,1.558
2026-03,PL,Gujarat,Subprime,DSA,79.53,7.848
2026-03,PL,Gujarat,Subprime,Digital,28.92,1.708
2026-03,PL,Telangana,Super-prime,Branch,179.97,0.900
2026-03,PL,Telangana,Super-prime,DSA,119.98,0.763
2026-03,PL,Telangana,Super-prime,Digital,99.99,0.579
2026-03,PL,Telangana,Prime-plus,Branch,133.65,1.531
2026-03,PL,Telangana,Prime-plus,DSA,89.10,1.299
2026-03,PL,Telangana,Prime-plus,Digital,74.25,0.986
2026-03,PL,Telangana,Prime,Branch,110.96,2.695
2026-03,PL,Telangana,Prime,DSA,73.97,2.287
2026-03,PL,Telangana,Prime,Digital,61.64,1.736
2026-03,PL,Telangana,Near-prime,Branch,55.53,2.611
2026-03,PL,Telangana,Near-prime,DSA,37.02,2.215
2026-03,PL,Telangana,Near-prime,Digital,30.85,1.681
2026-03,PL,Telangana,Subprime,Branch,33.25,2.774
2026-03,PL,Telangana,Subprime,DSA,22.16,2.354
2026-03,PL,Telangana,Subprime,Digital,18.47,1.786
2026-04,PL,Maharashtra,Super-prime,Branch,615.69,2.927
2026-04,PL,Maharashtra,Super-prime,DSA,410.46,2.484
2026-04,PL,Maharashtra,Super-prime,Digital,342.05,1.885
2026-04,PL,Maharashtra,Prime-plus,Branch,457.80,4.660
2026-04,PL,Maharashtra,Prime-plus,DSA,305.20,3.954
2026-04,PL,Maharashtra,Prime-plus,Digital,254.33,3.001
2026-04,PL,Maharashtra,Prime,Branch,381.32,7.444
2026-04,PL,Maharashtra,Prime,DSA,254.21,6.317
2026-04,PL,Maharashtra,Prime,Digital,211.84,4.794
2026-04,PL,Maharashtra,Near-prime,Branch,194.20,8.066
2026-04,PL,Maharashtra,Near-prime,DSA,129.47,6.844
2026-04,PL,Maharashtra,Near-prime,Digital,107.89,5.194
2026-04,PL,Maharashtra,Subprime,Branch,117.91,9.423
2026-04,PL,Maharashtra,Subprime,DSA,78.60,7.995
2026-04,PL,Maharashtra,Subprime,Digital,65.50,6.068
2026-04,PL,Tamil Nadu,Super-prime,Branch,220.96,1.055
2026-04,PL,Tamil Nadu,Super-prime,DSA,147.31,0.895
2026-04,PL,Tamil Nadu,Super-prime,Digital,122.76,0.679
2026-04,PL,Tamil Nadu,Prime-plus,Branch,160.86,1.678
2026-04,PL,Tamil Nadu,Prime-plus,DSA,107.24,1.424
2026-04,PL,Tamil Nadu,Prime-plus,Digital,89.37,1.081
2026-04,PL,Tamil Nadu,Prime,Branch,136.48,3.020
2026-04,PL,Tamil Nadu,Prime,DSA,90.99,2.562
2026-04,PL,Tamil Nadu,Prime,Digital,75.82,1.945
2026-04,PL,Tamil Nadu,Near-prime,Branch,67.55,3.053
2026-04,PL,Tamil Nadu,Near-prime,DSA,45.03,2.590
2026-04,PL,Tamil Nadu,Near-prime,Digital,37.53,1.966
2026-04,PL,Tamil Nadu,Subprime,Branch,42.77,3.586
2026-04,PL,Tamil Nadu,Subprime,DSA,28.51,3.042
2026-04,PL,Tamil Nadu,Subprime,Digital,23.76,2.309
2026-04,PL,Karnataka,Super-prime,Branch,255.69,1.148
2026-04,PL,Karnataka,Super-prime,DSA,170.46,0.974
2026-04,PL,Karnataka,Super-prime,Digital,142.05,0.739
2026-04,PL,Karnataka,Prime-plus,Branch,184.84,1.793
2026-04,PL,Karnataka,Prime-plus,DSA,123.22,1.522
2026-04,PL,Karnataka,Prime-plus,Digital,102.69,1.155
2026-04,PL,Karnataka,Prime,Branch,158.31,3.142
2026-04,PL,Karnataka,Prime,DSA,105.54,2.666
2026-04,PL,Karnataka,Prime,Digital,87.95,2.023
2026-04,PL,Karnataka,Near-prime,Branch,81.06,3.259
2026-04,PL,Karnataka,Near-prime,DSA,54.04,2.765
2026-04,PL,Karnataka,Near-prime,Digital,45.04,2.099
2026-04,PL,Karnataka,Subprime,Branch,49.95,3.745
2026-04,PL,Karnataka,Subprime,DSA,33.30,3.177
2026-04,PL,Karnataka,Subprime,Digital,27.75,2.411
2026-04,PL,Uttar Pradesh,Super-prime,Branch,237.66,1.433
2026-04,PL,Uttar Pradesh,Super-prime,DSA,158.44,1.216
2026-04,PL,Uttar Pradesh,Super-prime,Digital,132.03,0.923
2026-04,PL,Uttar Pradesh,Prime-plus,Branch,177.71,2.208
2026-04,PL,Uttar Pradesh,Prime-plus,DSA,118.48,1.874
2026-04,PL,Uttar Pradesh,Prime-plus,Digital,98.73,1.422
2026-04,PL,Uttar Pradesh,Prime,Branch,153.49,3.933
2026-04,PL,Uttar Pradesh,Prime,DSA,102.33,3.337
2026-04,PL,Uttar Pradesh,Prime,Digital,85.27,2.533
2026-04,PL,Uttar Pradesh,Near-prime,Branch,53.19,2.057
2026-04,PL,Uttar Pradesh,Near-prime,DSA,117.02,9.488
2026-04,PL,Uttar Pradesh,Near-prime,Digital,42.55,2.256
2026-04,PL,Uttar Pradesh,Subprime,Branch,34.64,2.638
2026-04,PL,Uttar Pradesh,Subprime,DSA,76.21,12.170
2026-04,PL,Uttar Pradesh,Subprime,Digital,27.71,2.894
2026-04,PL,Gujarat,Super-prime,Branch,273.94,1.206
2026-04,PL,Gujarat,Super-prime,DSA,182.63,1.023
2026-04,PL,Gujarat,Super-prime,Digital,152.19,0.777
2026-04,PL,Gujarat,Prime-plus,Branch,204.75,2.033
2026-04,PL,Gujarat,Prime-plus,DSA,136.50,1.725
2026-04,PL,Gujarat,Prime-plus,Digital,113.75,1.309
2026-04,PL,Gujarat,Prime,Branch,173.92,3.516
2026-04,PL,Gujarat,Prime,DSA,115.94,2.983
2026-04,PL,Gujarat,Prime,Digital,96.62,2.264
2026-04,PL,Gujarat,Near-prime,Branch,62.53,1.584
2026-04,PL,Gujarat,Near-prime,DSA,137.57,7.982
2026-04,PL,Gujarat,Near-prime,Digital,50.03,1.737
2026-04,PL,Gujarat,Subprime,Branch,40.06,1.990
2026-04,PL,Gujarat,Subprime,DSA,88.13,10.025
2026-04,PL,Gujarat,Subprime,Digital,32.05,2.182
2026-04,PL,Telangana,Super-prime,Branch,182.23,0.991
2026-04,PL,Telangana,Super-prime,DSA,121.48,0.841
2026-04,PL,Telangana,Super-prime,Digital,101.24,0.638
2026-04,PL,Telangana,Prime-plus,Branch,135.56,1.585
2026-04,PL,Telangana,Prime-plus,DSA,90.37,1.345
2026-04,PL,Telangana,Prime-plus,Digital,75.31,1.021
2026-04,PL,Telangana,Prime,Branch,111.77,2.682
2026-04,PL,Telangana,Prime,DSA,74.51,2.276
2026-04,PL,Telangana,Prime,Digital,62.09,1.727
2026-04,PL,Telangana,Near-prime,Branch,58.44,2.884
2026-04,PL,Telangana,Near-prime,DSA,38.96,2.447
2026-04,PL,Telangana,Near-prime,Digital,32.46,1.857
2026-04,PL,Telangana,Subprime,Branch,34.93,3.357
2026-04,PL,Telangana,Subprime,DSA,23.29,2.849
2026-04,PL,Telangana,Subprime,Digital,19.41,2.162
2026-05,PL,Maharashtra,Super-prime,Branch,620.04,2.959
2026-05,PL,Maharashtra,Super-prime,DSA,413.36,2.511
2026-05,PL,Maharashtra,Super-prime,Digital,344.47,1.905
2026-05,PL,Maharashtra,Prime-plus,Branch,451.90,4.517
2026-05,PL,Maharashtra,Prime-plus,DSA,301.27,3.833
2026-05,PL,Maharashtra,Prime-plus,Digital,251.06,2.909
2026-05,PL,Maharashtra,Prime,Branch,395.98,8.140
2026-05,PL,Maharashtra,Prime,DSA,263.99,6.907
2026-05,PL,Maharashtra,Prime,Digital,219.99,5.242
2026-05,PL,Maharashtra,Near-prime,Branch,206.26,8.737
2026-05,PL,Maharashtra,Near-prime,DSA,137.51,7.413
2026-05,PL,Maharashtra,Near-prime,Digital,114.59,5.626
2026-05,PL,Maharashtra,Subprime,Branch,125.13,10.589
2026-05,PL,Maharashtra,Subprime,DSA,83.42,8.984
2026-05,PL,Maharashtra,Subprime,Digital,69.51,6.818
2026-05,PL,Tamil Nadu,Super-prime,Branch,220.09,1.070
2026-05,PL,Tamil Nadu,Super-prime,DSA,146.73,0.908
2026-05,PL,Tamil Nadu,Super-prime,Digital,122.27,0.689
2026-05,PL,Tamil Nadu,Prime-plus,Branch,158.28,1.723
2026-05,PL,Tamil Nadu,Prime-plus,DSA,105.52,1.462
2026-05,PL,Tamil Nadu,Prime-plus,Digital,87.93,1.110
2026-05,PL,Tamil Nadu,Prime,Branch,135.37,3.120
2026-05,PL,Tamil Nadu,Prime,DSA,90.25,2.647
2026-05,PL,Tamil Nadu,Prime,Digital,75.21,2.009
2026-05,PL,Tamil Nadu,Near-prime,Branch,71.61,3.297
2026-05,PL,Tamil Nadu,Near-prime,DSA,47.74,2.797
2026-05,PL,Tamil Nadu,Near-prime,Digital,39.79,2.123
2026-05,PL,Tamil Nadu,Subprime,Branch,43.65,3.754
2026-05,PL,Tamil Nadu,Subprime,DSA,29.10,3.186
2026-05,PL,Tamil Nadu,Subprime,Digital,24.25,2.418
2026-05,PL,Karnataka,Super-prime,Branch,255.95,1.136
2026-05,PL,Karnataka,Super-prime,DSA,170.63,0.964
2026-05,PL,Karnataka,Super-prime,Digital,142.19,0.731
2026-05,PL,Karnataka,Prime-plus,Branch,187.16,1.782
2026-05,PL,Karnataka,Prime-plus,DSA,124.77,1.512
2026-05,PL,Karnataka,Prime-plus,Digital,103.98,1.147
2026-05,PL,Karnataka,Prime,Branch,161.80,3.229
2026-05,PL,Karnataka,Prime,DSA,107.87,2.740
2026-05,PL,Karnataka,Prime,Digital,89.89,2.079
2026-05,PL,Karnataka,Near-prime,Branch,82.53,3.306
2026-05,PL,Karnataka,Near-prime,DSA,55.02,2.805
2026-05,PL,Karnataka,Near-prime,Digital,45.85,2.129
2026-05,PL,Karnataka,Subprime,Branch,51.99,4.128
2026-05,PL,Karnataka,Subprime,DSA,34.66,3.503
2026-05,PL,Karnataka,Subprime,Digital,28.88,2.658
2026-05,PL,Uttar Pradesh,Super-prime,Branch,238.92,1.360
2026-05,PL,Uttar Pradesh,Super-prime,DSA,159.28,1.154
2026-05,PL,Uttar Pradesh,Super-prime,Digital,132.73,0.876
2026-05,PL,Uttar Pradesh,Prime-plus,Branch,174.48,2.329
2026-05,PL,Uttar Pradesh,Prime-plus,DSA,116.32,1.976
2026-05,PL,Uttar Pradesh,Prime-plus,Digital,96.93,1.500
2026-05,PL,Uttar Pradesh,Prime,Branch,152.62,4.390
2026-05,PL,Uttar Pradesh,Prime,DSA,101.74,3.725
2026-05,PL,Uttar Pradesh,Prime,Digital,84.79,2.827
2026-05,PL,Uttar Pradesh,Near-prime,Branch,58.24,2.430
2026-05,PL,Uttar Pradesh,Near-prime,DSA,128.12,11.210
2026-05,PL,Uttar Pradesh,Near-prime,Digital,46.59,2.665
2026-05,PL,Uttar Pradesh,Subprime,Branch,38.54,3.098
2026-05,PL,Uttar Pradesh,Subprime,DSA,84.79,14.290
2026-05,PL,Uttar Pradesh,Subprime,Digital,30.83,3.398
2026-05,PL,Gujarat,Super-prime,Branch,271.72,1.217
2026-05,PL,Gujarat,Super-prime,DSA,181.15,1.033
2026-05,PL,Gujarat,Super-prime,Digital,150.95,0.784
2026-05,PL,Gujarat,Prime-plus,Branch,202.27,1.969
2026-05,PL,Gujarat,Prime-plus,DSA,134.84,1.671
2026-05,PL,Gujarat,Prime-plus,Digital,112.37,1.268
2026-05,PL,Gujarat,Prime,Branch,178.88,3.604
2026-05,PL,Gujarat,Prime,DSA,119.26,3.058
2026-05,PL,Gujarat,Prime,Digital,99.38,2.321
2026-05,PL,Gujarat,Near-prime,Branch,67.62,1.920
2026-05,PL,Gujarat,Near-prime,DSA,148.76,9.673
2026-05,PL,Gujarat,Near-prime,Digital,54.09,2.105
2026-05,PL,Gujarat,Subprime,Branch,44.30,2.281
2026-05,PL,Gujarat,Subprime,DSA,97.46,11.492
2026-05,PL,Gujarat,Subprime,Digital,35.44,2.502
2026-05,PL,Telangana,Super-prime,Branch,183.06,0.971
2026-05,PL,Telangana,Super-prime,DSA,122.04,0.824
2026-05,PL,Telangana,Super-prime,Digital,101.70,0.625
2026-05,PL,Telangana,Prime-plus,Branch,134.01,1.560
2026-05,PL,Telangana,Prime-plus,DSA,89.34,1.324
2026-05,PL,Telangana,Prime-plus,Digital,74.45,1.005
2026-05,PL,Telangana,Prime,Branch,113.81,2.773
2026-05,PL,Telangana,Prime,DSA,75.87,2.353
2026-05,PL,Telangana,Prime,Digital,63.23,1.785
2026-05,PL,Telangana,Near-prime,Branch,58.87,2.881
2026-05,PL,Telangana,Near-prime,DSA,39.25,2.445
2026-05,PL,Telangana,Near-prime,Digital,32.71,1.855
2026-05,PL,Telangana,Subprime,Branch,36.35,3.410
2026-05,PL,Telangana,Subprime,DSA,24.23,2.894
2026-05,PL,Telangana,Subprime,Digital,20.19,2.196
2026-06,PL,Maharashtra,Super-prime,Branch,625.62,2.844
2026-06,PL,Maharashtra,Super-prime,DSA,417.08,2.413
2026-06,PL,Maharashtra,Super-prime,Digital,347.57,1.832
2026-06,PL,Maharashtra,Prime-plus,Branch,465.38,4.856
2026-06,PL,Maharashtra,Prime-plus,DSA,310.25,4.120
2026-06,PL,Maharashtra,Prime-plus,Digital,258.54,3.127
2026-06,PL,Maharashtra,Prime,Branch,400.57,8.443
2026-06,PL,Maharashtra,Prime,DSA,267.05,7.164
2026-06,PL,Maharashtra,Prime,Digital,222.54,5.437
2026-06,PL,Maharashtra,Near-prime,Branch,208.75,9.310
2026-06,PL,Maharashtra,Near-prime,DSA,139.17,7.899
2026-06,PL,Maharashtra,Near-prime,Digital,115.97,5.995
2026-06,PL,Maharashtra,Subprime,Branch,129.59,10.635
2026-06,PL,Maharashtra,Subprime,DSA,86.39,9.023
2026-06,PL,Maharashtra,Subprime,Digital,72.00,6.848
2026-06,PL,Tamil Nadu,Super-prime,Branch,219.61,1.131
2026-06,PL,Tamil Nadu,Super-prime,DSA,146.40,0.959
2026-06,PL,Tamil Nadu,Super-prime,Digital,122.00,0.728
2026-06,PL,Tamil Nadu,Prime-plus,Branch,163.43,1.785
2026-06,PL,Tamil Nadu,Prime-plus,DSA,108.95,1.514
2026-06,PL,Tamil Nadu,Prime-plus,Digital,90.79,1.149
2026-06,PL,Tamil Nadu,Prime,Branch,136.40,3.148
2026-06,PL,Tamil Nadu,Prime,DSA,90.93,2.671
2026-06,PL,Tamil Nadu,Prime,Digital,75.78,2.027
2026-06,PL,Tamil Nadu,Near-prime,Branch,74.03,3.622
2026-06,PL,Tamil Nadu,Near-prime,DSA,49.35,3.073
2026-06,PL,Tamil Nadu,Near-prime,Digital,41.13,2.332
2026-06,PL,Tamil Nadu,Subprime,Branch,46.62,4.047
2026-06,PL,Tamil Nadu,Subprime,DSA,31.08,3.434
2026-06,PL,Tamil Nadu,Subprime,Digital,25.90,2.606
2026-06,PL,Karnataka,Super-prime,Branch,254.96,1.177
2026-06,PL,Karnataka,Super-prime,DSA,169.98,0.999
2026-06,PL,Karnataka,Super-prime,Digital,141.65,0.758
2026-06,PL,Karnataka,Prime-plus,Branch,190.18,1.816
2026-06,PL,Karnataka,Prime-plus,DSA,126.79,1.541
2026-06,PL,Karnataka,Prime-plus,Digital,105.65,1.170
2026-06,PL,Karnataka,Prime,Branch,159.70,3.200
2026-06,PL,Karnataka,Prime,DSA,106.47,2.715
2026-06,PL,Karnataka,Prime,Digital,88.72,2.060
2026-06,PL,Karnataka,Near-prime,Branch,85.95,3.572
2026-06,PL,Karnataka,Near-prime,DSA,57.30,3.031
2026-06,PL,Karnataka,Near-prime,Digital,47.75,2.300
2026-06,PL,Karnataka,Subprime,Branch,54.13,4.501
2026-06,PL,Karnataka,Subprime,DSA,36.09,3.819
2026-06,PL,Karnataka,Subprime,Digital,30.07,2.898
2026-06,PL,Uttar Pradesh,Super-prime,Branch,234.08,1.468
2026-06,PL,Uttar Pradesh,Super-prime,DSA,156.05,1.245
2026-06,PL,Uttar Pradesh,Super-prime,Digital,130.04,0.945
2026-06,PL,Uttar Pradesh,Prime-plus,Branch,173.55,2.339
2026-06,PL,Uttar Pradesh,Prime-plus,DSA,115.70,1.984
2026-06,PL,Uttar Pradesh,Prime-plus,Digital,96.42,1.506
2026-06,PL,Uttar Pradesh,Prime,Branch,155.23,4.203
2026-06,PL,Uttar Pradesh,Prime,DSA,103.48,3.566
2026-06,PL,Uttar Pradesh,Prime,Digital,86.24,2.706
2026-06,PL,Uttar Pradesh,Near-prime,Branch,64.51,2.994
2026-06,PL,Uttar Pradesh,Near-prime,DSA,141.92,13.810
2026-06,PL,Uttar Pradesh,Near-prime,Digital,51.61,3.283
2026-06,PL,Uttar Pradesh,Subprime,Branch,43.28,3.555
2026-06,PL,Uttar Pradesh,Subprime,DSA,95.22,16.401
2026-06,PL,Uttar Pradesh,Subprime,Digital,34.63,3.900
2026-06,PL,Gujarat,Super-prime,Branch,262.48,1.180
2026-06,PL,Gujarat,Super-prime,DSA,174.99,1.002
2026-06,PL,Gujarat,Super-prime,Digital,145.82,0.760
2026-06,PL,Gujarat,Prime-plus,Branch,200.34,1.785
2026-06,PL,Gujarat,Prime-plus,DSA,133.56,1.515
2026-06,PL,Gujarat,Prime-plus,Digital,111.30,1.149
2026-06,PL,Gujarat,Prime,Branch,174.06,3.371
2026-06,PL,Gujarat,Prime,DSA,116.04,2.861
2026-06,PL,Gujarat,Prime,Digital,96.70,2.171
2026-06,PL,Gujarat,Near-prime,Branch,72.86,2.200
2026-06,PL,Gujarat,Near-prime,DSA,160.30,11.084
2026-06,PL,Gujarat,Near-prime,Digital,58.29,2.413
2026-06,PL,Gujarat,Subprime,Branch,49.50,2.871
2026-06,PL,Gujarat,Subprime,DSA,108.91,14.469
2026-06,PL,Gujarat,Subprime,Digital,39.60,3.149
2026-06,PL,Telangana,Super-prime,Branch,188.26,0.968
2026-06,PL,Telangana,Super-prime,DSA,125.51,0.821
2026-06,PL,Telangana,Super-prime,Digital,104.59,0.623
2026-06,PL,Telangana,Prime-plus,Branch,137.09,1.614
2026-06,PL,Telangana,Prime-plus,DSA,91.39,1.369
2026-06,PL,Telangana,Prime-plus,Digital,76.16,1.039
2026-06,PL,Telangana,Prime,Branch,115.42,2.808
2026-06,PL,Telangana,Prime,DSA,76.95,2.383
2026-06,PL,Telangana,Prime,Digital,64.12,1.808
2026-06,PL,Telangana,Near-prime,Branch,62.47,3.233
2026-06,PL,Telangana,Near-prime,DSA,41.65,2.743
2026-06,PL,Telangana,Near-prime,Digital,34.71,2.082
2026-06,PL,Telangana,Subprime,Branch,37.99,3.643
2026-06,PL,Telangana,Subprime,DSA,25.33,3.091
2026-06,PL,Telangana,Subprime,Digital,21.11,2.346
2026-07,PL,Maharashtra,Super-prime,Branch,641.72,2.909
2026-07,PL,Maharashtra,Super-prime,DSA,427.81,2.468
2026-07,PL,Maharashtra,Super-prime,Digital,356.51,1.873
2026-07,PL,Maharashtra,Prime-plus,Branch,464.89,4.946
2026-07,PL,Maharashtra,Prime-plus,DSA,309.93,4.197
2026-07,PL,Maharashtra,Prime-plus,Digital,258.27,3.185
2026-07,PL,Maharashtra,Prime,Branch,402.40,8.239
2026-07,PL,Maharashtra,Prime,DSA,268.27,6.991
2026-07,PL,Maharashtra,Prime,Digital,223.56,5.305
2026-07,PL,Maharashtra,Near-prime,Branch,218.27,9.676
2026-07,PL,Maharashtra,Near-prime,DSA,145.51,8.210
2026-07,PL,Maharashtra,Near-prime,Digital,121.26,6.231
2026-07,PL,Maharashtra,Subprime,Branch,137.12,11.415
2026-07,PL,Maharashtra,Subprime,DSA,91.41,9.686
2026-07,PL,Maharashtra,Subprime,Digital,76.18,7.351
2026-07,PL,Tamil Nadu,Super-prime,Branch,226.35,1.091
2026-07,PL,Tamil Nadu,Super-prime,DSA,150.90,0.926
2026-07,PL,Tamil Nadu,Super-prime,Digital,125.75,0.703
2026-07,PL,Tamil Nadu,Prime-plus,Branch,163.37,1.692
2026-07,PL,Tamil Nadu,Prime-plus,DSA,108.92,1.435
2026-07,PL,Tamil Nadu,Prime-plus,Digital,90.76,1.089
2026-07,PL,Tamil Nadu,Prime,Branch,141.48,3.196
2026-07,PL,Tamil Nadu,Prime,DSA,94.32,2.712
2026-07,PL,Tamil Nadu,Prime,Digital,78.60,2.058
2026-07,PL,Tamil Nadu,Near-prime,Branch,78.01,3.920
2026-07,PL,Tamil Nadu,Near-prime,DSA,52.00,3.326
2026-07,PL,Tamil Nadu,Near-prime,Digital,43.34,2.524
2026-07,PL,Tamil Nadu,Subprime,Branch,48.02,4.298
2026-07,PL,Tamil Nadu,Subprime,DSA,32.01,3.646
2026-07,PL,Tamil Nadu,Subprime,Digital,26.68,2.767
2026-07,PL,Karnataka,Super-prime,Branch,257.41,1.176
2026-07,PL,Karnataka,Super-prime,DSA,171.61,0.998
2026-07,PL,Karnataka,Super-prime,Digital,143.01,0.757
2026-07,PL,Karnataka,Prime-plus,Branch,189.87,1.869
2026-07,PL,Karnataka,Prime-plus,DSA,126.58,1.586
2026-07,PL,Karnataka,Prime-plus,Digital,105.48,1.204
2026-07,PL,Karnataka,Prime,Branch,163.45,3.503
2026-07,PL,Karnataka,Prime,DSA,108.96,2.972
2026-07,PL,Karnataka,Prime,Digital,90.80,2.256
2026-07,PL,Karnataka,Near-prime,Branch,89.67,3.972
2026-07,PL,Karnataka,Near-prime,DSA,59.78,3.370
2026-07,PL,Karnataka,Near-prime,Digital,49.81,2.558
2026-07,PL,Karnataka,Subprime,Branch,56.99,4.572
2026-07,PL,Karnataka,Subprime,DSA,38.00,3.879
2026-07,PL,Karnataka,Subprime,Digital,31.66,2.944
2026-07,PL,Uttar Pradesh,Super-prime,Branch,228.00,1.398
2026-07,PL,Uttar Pradesh,Super-prime,DSA,152.00,1.186
2026-07,PL,Uttar Pradesh,Super-prime,Digital,126.67,0.900
2026-07,PL,Uttar Pradesh,Prime-plus,Branch,173.80,2.335
2026-07,PL,Uttar Pradesh,Prime-plus,DSA,115.87,1.981
2026-07,PL,Uttar Pradesh,Prime-plus,Digital,96.56,1.503
2026-07,PL,Uttar Pradesh,Prime,Branch,157.24,4.310
2026-07,PL,Uttar Pradesh,Prime,DSA,104.83,3.657
2026-07,PL,Uttar Pradesh,Prime,Digital,87.36,2.775
2026-07,PL,Uttar Pradesh,Near-prime,Branch,69.37,3.349
2026-07,PL,Uttar Pradesh,Near-prime,DSA,152.62,15.447
2026-07,PL,Uttar Pradesh,Near-prime,Digital,55.50,3.673
2026-07,PL,Uttar Pradesh,Subprime,Branch,47.49,4.392
2026-07,PL,Uttar Pradesh,Subprime,DSA,104.49,20.262
2026-07,PL,Uttar Pradesh,Subprime,Digital,38.00,4.817
2026-07,PL,Gujarat,Super-prime,Branch,253.75,1.069
2026-07,PL,Gujarat,Super-prime,DSA,169.16,0.907
2026-07,PL,Gujarat,Super-prime,Digital,140.97,0.689
2026-07,PL,Gujarat,Prime-plus,Branch,192.05,1.816
2026-07,PL,Gujarat,Prime-plus,DSA,128.03,1.541
2026-07,PL,Gujarat,Prime-plus,Digital,106.69,1.170
2026-07,PL,Gujarat,Prime,Branch,177.90,3.431
2026-07,PL,Gujarat,Prime,DSA,118.60,2.911
2026-07,PL,Gujarat,Prime,Digital,98.84,2.209
2026-07,PL,Gujarat,Near-prime,Branch,78.01,2.653
2026-07,PL,Gujarat,Near-prime,DSA,171.62,13.366
2026-07,PL,Gujarat,Near-prime,Digital,62.41,2.909
2026-07,PL,Gujarat,Subprime,Branch,53.25,3.138
2026-07,PL,Gujarat,Subprime,DSA,117.14,15.812
2026-07,PL,Gujarat,Subprime,Digital,42.60,3.442
2026-07,PL,Telangana,Super-prime,Branch,189.56,0.984
2026-07,PL,Telangana,Super-prime,DSA,126.37,0.835
2026-07,PL,Telangana,Super-prime,Digital,105.31,0.634
2026-07,PL,Telangana,Prime-plus,Branch,134.14,1.580
2026-07,PL,Telangana,Prime-plus,DSA,89.43,1.340
2026-07,PL,Telangana,Prime-plus,Digital,74.52,1.017
2026-07,PL,Telangana,Prime,Branch,116.15,2.812
2026-07,PL,Telangana,Prime,DSA,77.43,2.386
2026-07,PL,Telangana,Prime,Digital,64.53,1.811
2026-07,PL,Telangana,Near-prime,Branch,64.79,3.540
2026-07,PL,Telangana,Near-prime,DSA,43.20,3.003
2026-07,PL,Telangana,Near-prime,Digital,36.00,2.279
2026-07,PL,Telangana,Subprime,Branch,40.64,4.266
2026-07,PL,Telangana,Subprime,DSA,27.09,3.620
2026-07,PL,Telangana,Subprime,Digital,22.58,2.747
2026-08,PL,Maharashtra,Super-prime,Branch,624.51,2.890
2026-08,PL,Maharashtra,Super-prime,DSA,416.34,2.452
2026-08,PL,Maharashtra,Super-prime,Digital,346.95,1.861
2026-08,PL,Maharashtra,Prime-plus,Branch,469.90,5.081
2026-08,PL,Maharashtra,Prime-plus,DSA,313.27,4.311
2026-08,PL,Maharashtra,Prime-plus,Digital,261.06,3.272
2026-08,PL,Maharashtra,Prime,Branch,407.76,8.611
2026-08,PL,Maharashtra,Prime,DSA,271.84,7.306
2026-08,PL,Maharashtra,Prime,Digital,226.54,5.545
2026-08,PL,Maharashtra,Near-prime,Branch,224.20,9.941
2026-08,PL,Maharashtra,Near-prime,DSA,149.47,8.435
2026-08,PL,Maharashtra,Near-prime,Digital,124.56,6.401
2026-08,PL,Maharashtra,Subprime,Branch,144.08,11.928
2026-08,PL,Maharashtra,Subprime,DSA,96.05,10.121
2026-08,PL,Maharashtra,Subprime,Digital,80.04,7.681
2026-08,PL,Tamil Nadu,Super-prime,Branch,219.47,1.076
2026-08,PL,Tamil Nadu,Super-prime,DSA,146.31,0.913
2026-08,PL,Tamil Nadu,Super-prime,Digital,121.93,0.693
2026-08,PL,Tamil Nadu,Prime-plus,Branch,165.55,1.823
2026-08,PL,Tamil Nadu,Prime-plus,DSA,110.37,1.547
2026-08,PL,Tamil Nadu,Prime-plus,Digital,91.97,1.174
2026-08,PL,Tamil Nadu,Prime,Branch,141.08,3.204
2026-08,PL,Tamil Nadu,Prime,DSA,94.05,2.718
2026-08,PL,Tamil Nadu,Prime,Digital,78.38,2.063
2026-08,PL,Tamil Nadu,Near-prime,Branch,82.13,4.082
2026-08,PL,Tamil Nadu,Near-prime,DSA,54.76,3.463
2026-08,PL,Tamil Nadu,Near-prime,Digital,45.63,2.628
2026-08,PL,Tamil Nadu,Subprime,Branch,50.01,4.640
2026-08,PL,Tamil Nadu,Subprime,DSA,33.34,3.937
2026-08,PL,Tamil Nadu,Subprime,Digital,27.79,2.988
2026-08,PL,Karnataka,Super-prime,Branch,256.58,1.203
2026-08,PL,Karnataka,Super-prime,DSA,171.05,1.021
2026-08,PL,Karnataka,Super-prime,Digital,142.54,0.775
2026-08,PL,Karnataka,Prime-plus,Branch,193.75,2.016
2026-08,PL,Karnataka,Prime-plus,DSA,129.17,1.711
2026-08,PL,Karnataka,Prime-plus,Digital,107.64,1.298
2026-08,PL,Karnataka,Prime,Branch,167.89,3.529
2026-08,PL,Karnataka,Prime,DSA,111.93,2.994
2026-08,PL,Karnataka,Prime,Digital,93.27,2.272
2026-08,PL,Karnataka,Near-prime,Branch,94.63,4.295
2026-08,PL,Karnataka,Near-prime,DSA,63.08,3.645
2026-08,PL,Karnataka,Near-prime,Digital,52.57,2.766
2026-08,PL,Karnataka,Subprime,Branch,58.92,4.636
2026-08,PL,Karnataka,Subprime,DSA,39.28,3.933
2026-08,PL,Karnataka,Subprime,Digital,32.73,2.985
2026-08,PL,Uttar Pradesh,Super-prime,Branch,221.77,1.330
2026-08,PL,Uttar Pradesh,Super-prime,DSA,147.85,1.129
2026-08,PL,Uttar Pradesh,Super-prime,Digital,123.21,0.857
2026-08,PL,Uttar Pradesh,Prime-plus,Branch,167.97,2.250
2026-08,PL,Uttar Pradesh,Prime-plus,DSA,111.98,1.909
2026-08,PL,Uttar Pradesh,Prime-plus,Digital,93.31,1.449
2026-08,PL,Uttar Pradesh,Prime,Branch,154.00,4.248
2026-08,PL,Uttar Pradesh,Prime,DSA,102.67,3.604
2026-08,PL,Uttar Pradesh,Prime,Digital,85.56,2.735
2026-08,PL,Uttar Pradesh,Near-prime,Branch,75.80,3.712
2026-08,PL,Uttar Pradesh,Near-prime,DSA,166.75,17.124
2026-08,PL,Uttar Pradesh,Near-prime,Digital,60.64,4.071
2026-08,PL,Uttar Pradesh,Subprime,Branch,52.30,5.210
2026-08,PL,Uttar Pradesh,Subprime,DSA,115.06,24.033
2026-08,PL,Uttar Pradesh,Subprime,Digital,41.84,5.714
2026-08,PL,Gujarat,Super-prime,Branch,254.03,1.157
2026-08,PL,Gujarat,Super-prime,DSA,169.35,0.982
2026-08,PL,Gujarat,Super-prime,Digital,141.13,0.745
2026-08,PL,Gujarat,Prime-plus,Branch,194.89,1.895
2026-08,PL,Gujarat,Prime-plus,DSA,129.93,1.608
2026-08,PL,Gujarat,Prime-plus,Digital,108.27,1.220
2026-08,PL,Gujarat,Prime,Branch,178.94,3.374
2026-08,PL,Gujarat,Prime,DSA,119.29,2.863
2026-08,PL,Gujarat,Prime,Digital,99.41,2.173
2026-08,PL,Gujarat,Near-prime,Branch,84.59,2.987
2026-08,PL,Gujarat,Near-prime,DSA,186.10,15.049
2026-08,PL,Gujarat,Near-prime,Digital,67.67,3.276
2026-08,PL,Gujarat,Subprime,Branch,58.97,3.974
2026-08,PL,Gujarat,Subprime,DSA,129.73,20.023
2026-08,PL,Gujarat,Subprime,Digital,47.18,4.358
2026-08,PL,Telangana,Super-prime,Branch,186.84,0.969
2026-08,PL,Telangana,Super-prime,DSA,124.56,0.822
2026-08,PL,Telangana,Super-prime,Digital,103.80,0.624
2026-08,PL,Telangana,Prime-plus,Branch,137.13,1.669
2026-08,PL,Telangana,Prime-plus,DSA,91.42,1.416
2026-08,PL,Telangana,Prime-plus,Digital,76.18,1.075
2026-08,PL,Telangana,Prime,Branch,120.17,2.910
2026-08,PL,Telangana,Prime,DSA,80.11,2.469
2026-08,PL,Telangana,Prime,Digital,66.76,1.874
2026-08,PL,Telangana,Near-prime,Branch,68.41,3.842
2026-08,PL,Telangana,Near-prime,DSA,45.60,3.260
2026-08,PL,Telangana,Near-prime,Digital,38.00,2.474
2026-08,PL,Telangana,Subprime,Branch,41.72,4.564
2026-08,PL,Telangana,Subprime,DSA,27.81,3.872
2026-08,PL,Telangana,Subprime,Digital,23.18,2.939
